Country Code,Country Name,Long Name,Region,Income Group,Lending category,Other groups,Currency Unit,Latest population census,Latest household survey,Special Notes,National accounts base year,National accounts reference year,System of National Accounts,SNA price valuation,Alternative conversion factor,PPP survey year,Balance of Payments Manual in use,External debt Reporting status,System of trade,Government Accounting concept,IMF data dissemination standard,Source of most recent Income and expenditure data,Vital registration complete,Latest agricultural census,Latest industrial data,Latest trade data,Latest water withdrawal data,2-alpha code,WB-2 code,Table Name,Short Name
ABW,Aruba,Aruba,Latin America & Caribbean,High income: nonOECD,,,Aruban florin,2000,,,1995,,,,,,,,Special,,,,,,,2008,,AW,AW,Aruba,Aruba
ADO,Andorra,Principality of Andorra,Europe & Central Asia,High income: nonOECD,,,Euro,Register based,,,,,,,,,,,General,,,,Yes,,,2006,,AD,AD,Andorra,Andorra
AFG,Afghanistan,Islamic State of Afghanistan,South Asia,Low income,IDA,HIPC,Afghan afghani,1979,"MICS, 2003",Fiscal year end: March 20; reporting period for national accounts data: FY.,2002/2003,,,VAB,,,,Actual,General,Consolidated,GDDS,,,,,2008,2000,AF,AF,Afghanistan,Afghanistan
AGO,Angola,People's Republic of Angola,Sub-Saharan Africa,Lower middle income,IDA,,Angolan kwanza,1970,"MICS, 2001, MIS, 2006/07",,1997,,,VAP,1991-96,2005,BPM5,Actual,Special,,GDDS,"IHS, 2000",,1964-65,,1991,2000,AO,AO,Angola,Angola
ALB,Albania,Republic of Albania,Europe & Central Asia,Upper middle income,IBRD,,Albanian lek,2001,"MICS, 2005",,,1996,1993,VAB,,2005,BPM5,Actual,General,Consolidated,GDDS,"LSMS, 2005",Yes,1998,2005,2008,2000,AL,AL,Albania,Albania
ANT,Netherlands Antilles,Netherlands Antilles,Latin America & Caribbean,High income: nonOECD,,,Netherlands Antilles guilder,2001,,,,,,,,,BPM5,,Special,,,,Yes,,,2008,2000,AN,AN,Netherlands Antilles,Netherlands Antilles
ARE,United Arab Emirates,United Arab Emirates,Middle East & North Africa,High income: nonOECD,,,U.A.E. dirham,2005,,,1995,,,VAB,,,BPM4,,General,Consolidated,GDDS,,,1998,,2008,2005,AE,AE,United Arab Emirates,United Arab Emirates
ARG,Argentina,Argentine Republic,Latin America & Caribbean,Upper middle income,IBRD,,Argentine peso,2001,,,1993,,1993,VAB,1971-84,2005,BPM5,Actual,Special,Consolidated,SDDS,"IHS, 2006",Yes,2002,2001,2008,2000,AR,AR,Argentina,Argentina
ARM,Armenia,Republic of Armenia,Europe & Central Asia,Lower middle income,Blend,,Armenian dram,2001,"DHS, 2005",,,1996,1993,VAB,1990-95,2005,BPM5,Actual,Special,Consolidated,SDDS,"IHS, 2007",Yes,,,2008,2000,AM,AM,Armenia,Armenia
ASM,American Samoa,American Samoa,East Asia & Pacific,Upper middle income,,,U.S. dollar,2000,,,,,,,,,,,,,,,Yes,,,,,AS,AS,American Samoa,American Samoa
ATG,Antigua and Barbuda,Antigua and Barbuda,Latin America & Caribbean,Upper middle income,IBRD,,East Caribbean dollar,2001,,The government has revised national accounts data for 1998-2008.,1990,,,VAB,,,BPM5,,General,,GDDS,,Yes,,,2007,1990,AG,AG,Antigua and Barbuda,Antigua and Barbuda
AUS,Australia,Commonwealth of Australia,East Asia & Pacific,High income: OECD,,,Australian dollar,2006,,Fiscal year end: June 30; reporting period for national accounts data: FY.,,2007,1993,VAB,,2005,BPM5,,General,Consolidated,SDDS,"ES/BS, 1994",Yes,2001,2004,2008,2000,AU,AU,Australia,Australia
AUT,Austria,Republic of Austria,Europe & Central Asia,High income: OECD,,Euro area,Euro,2001,,"A simple multiplier is used to convert the national currencies of EMU members to euros. The following irrevocable euro conversion rate was adopted by the EU Council on January 1, 1999: 1 euro = 13.7603 Austrian schilling. Please note that historical data before 1999 are not actual euros and are not comparable or suitable for aggregation across countries.",2000,,1993,VAB,,2005,BPM5,,Special,Consolidated,SDDS,IS 2000,Yes,1999-2000,2004,2008,2000,AT,AT,Austria,Austria
AZE,Azerbaijan,Republic of Azerbaijan,Europe & Central Asia,Upper middle income,Blend,,New Azeri manat,2009,"DHS, 2006",,,2003,1993,VAB,1992-95,2005,BPM5,Actual,General,Consolidated,GDDS,"ES/BS, 2005",Yes,,2005,2008,2005,AZ,AZ,Azerbaijan,Azerbaijan
BDI,Burundi,Republic of Burundi,Sub-Saharan Africa,Low income,IDA,HIPC,Burundi franc,1990,"MICS, 2005",,1980,,,VAB,,2005,BPM5,Actual,Special,Consolidated,,"CWIQ, 2006",,,,2008,2000,BI,BI,Burundi,Burundi
BEL,Belgium,Kingdom of Belgium,Europe & Central Asia,High income: OECD,,Euro area,Euro,2001,,"A simple multiplier is used to convert the national currencies of EMU members to euros. The following irrevocable euro conversion rate was adopted by the EU Council on January 1, 1999: 1 euro = 40.3399 Belgian franc. Please note that historical data before 1999 are not actual euros and are not comparable or suitable for aggregation across countries.",2000,,1993,VAB,,2005,BPM5,,Special,Consolidated,SDDS,"IHS, 2000",Yes,1999-2000 (conducted annually),2004,2008,,BE,BE,Belgium,Belgium
BEN,Benin,Republic of Benin,Sub-Saharan Africa,Low income,IDA,HIPC,CFA franc,2002,"DHS, 2006",,1985,,,VAP,1992,2005,BPM5,Preliminary,Special,Budgetary,GDDS,"CWIQ, 2003",,1992,,2005,2001,BJ,BJ,Benin,Benin
BFA,Burkina Faso,Burkina Faso,Sub-Saharan Africa,Low income,IDA,HIPC,CFA franc,2006,"MICS, 2006",,1999,,,VAB,1992-93,2005,BPM4,Actual,General,Budgetary,GDDS,"CWIQ, 2003",,1993,,2005,2000,BF,BF,Burkina Faso,Burkina Faso
BGD,Bangladesh,People's Republic of Bangladesh,South Asia,Low income,IDA,,Bangladeshi taka,2001,"DHS, 2007",Fiscal year end: June 30; reporting period for national accounts data: FY.,1995/1996,,1993,VAB,,2005,BPM5,Preliminary,General,Consolidated,GDDS,"IHS, 2005",,2005,1997,2007,2000,BD,BD,Bangladesh,Bangladesh
BGR,Bulgaria,Republic of Bulgaria,Europe & Central Asia,Upper middle income,IBRD,,Bulgarian lev,2001,,,,2002,1993,VAB,"1978-89, 1991-92",2005,BPM5,Actual,General,Consolidated,SDDS,"ES/BS, 2003",Yes,,2005,2008,2000,BG,BG,Bulgaria,Bulgaria
BHR,Bahrain,Kingdom of Bahrain,Middle East & North Africa,High income: nonOECD,,,Bahraini dinar,2001,,,1985,,,VAP,,2005,BPM5,,General,Consolidated,GDDS,,Yes,,,2007,2003,BH,BH,Bahrain,Bahrain
BHS,"Bahamas, The",Commonwealth of The Bahamas,Latin America & Caribbean,High income: nonOECD,,,Bahamian dollar,2000,,The government has revised national accounts data for 1997-2007. The new base year is 2006.,2006,,1993,VAB,,,BPM5,,General,Budgetary,GDDS,,,,1997,2008,,BS,BS,"Bahamas, The",The Bahamas
BIH,Bosnia and Herzegovina,Bosnia and Herzegovina,Europe & Central Asia,Upper middle income,Blend,,Bosnia and Herzegovina convertible mark,1991,"MICS, 2006",,,1996,1993,VAB,,2005,BPM5,Actual,General,Consolidated,,"LSMS, 2007",Yes,,,2008,,BA,BA,Bosnia and Herzegovina,Bosnia and Herzegovina
BLR,Belarus,Republic of Belarus,Europe & Central Asia,Upper middle income,IBRD,,Belarusian rubel,1999,"MICS, 2005",,,2000,1993,VAB,1990-95,2005,BPM5,Actual,General,Consolidated,SDDS,ES/BS 2007,Yes,1994,,2008,2000,BY,BY,Belarus,Belarus
BLZ,Belize,Belize,Latin America & Caribbean,Lower middle income,IBRD,,Belize dollar,2000,"MICS, 2006",The government has revised national accounts data for 1991-2008.,2000,,1993,VAB,,,BPM5,Actual,General,Budgetary,GDDS,ES/BS 1995,,,,2008,2000,BZ,BZ,Belize,Belize
BMU,Bermuda,The Bermudas,North America,High income: nonOECD,,,Bermuda dollar,2000,,The Statistical Office has revised national accounts data for 1996-2007.,1996,,,VAB,,,,,,,,,Yes,,,2008,,BM,BM,Bermuda,Bermuda
BOL,Bolivia,Plurinational State of Bolivia,Latin America & Caribbean,Lower middle income,Blend,HIPC,Bolivian Boliviano,2001,"DHS, 2008",,1990,,1993,VAB,1960-85,2005,BPM5,Actual,Special,Consolidated,GDDS,"IHS, 2007",,1984-1988,2000,2008,2000,BO,BO,Bolivia,Bolivia
BRA,Brazil,Federative Republic of Brazil,Latin America & Caribbean,Upper middle income,IBRD,,Brazilian real,2000,"DHS, 1996",,2000,,1993,VAB,,2005,BPM5,Actual,Special,Consolidated,SDDS,"LFS, 2007",,1996,2004,2008,2000,BR,BR,Brazil,Brazil
BRB,Barbados,Barbados,Latin America & Caribbean,High income: nonOECD,,,Barbados dollar,2000,,,1974,,,VAB,,,BPM5,,General,Consolidated,GDDS,,Yes,,,2008,2000,BB,BB,Barbados,Barbados
BRN,Brunei Darussalam,Brunei Darussalam,East Asia & Pacific,High income: nonOECD,,,Brunei dollar,2001,,,2000,,,VAP,,2005,,,General,,GDDS,,Yes,,,2006,,BN,BN,Brunei Darussalam,Brunei
BTN,Bhutan,Kingdom of Bhutan,South Asia,Lower middle income,IDA,,Bhutanese ngultrum,2005,,,2000,,1993,VAB,,2005,,Actual,,Consolidated,,"IHS, 2003",,2000,,2008,2000,BT,BT,Bhutan,Bhutan
BWA,Botswana,Republic of Botswana,Sub-Saharan Africa,Upper middle income,IBRD,,Botswana pula,2001,"MICS, 2000",Fiscal year end: June 30; reporting period for national accounts data: FY.,1993/1994,,1993,VAB,,2005,BPM5,Preliminary,General,Budgetary,GDDS,"ES/BS, 1993/94",,1993,2005,2008,2000,BW,BW,Botswana,Botswana
CAF,Central African Republic,Central African Republic,Sub-Saharan Africa,Low income,IDA,HIPC,CFA franc,2003,"MICS, 2006",,2000,,,VAB,,2005,BPM4,Preliminary,Special,Budgetary,GDDS,"PS, 2003",,1985,,2005,2000,CF,CF,Central African Republic,Central African Republic
CAN,Canada,Canada,North America,High income: OECD,,,Canadian dollar,2006,,Fiscal year end: March 31; reporting period for national accounts data: CY.,2000,,1993,VAB,,2005,BPM5,,General,Consolidated,SDDS,"LFS, 2000",Yes,1996/2001,2001,2008,2000,CA,CA,Canada,Canada
CHE,Switzerland,Switzerland,Europe & Central Asia,High income: OECD,,,Swiss franc,2000,,,2000,,,VAB,,2005,BPM5,,Special,Consolidated,SDDS,"ES/BS, 2000",Yes,2000,,2008,2000,CH,CH,Switzerland,Switzerland
CHI,Channel Islands,Channel Islands,Europe & Central Asia,High income: nonOECD,,,Jersey pound and Guernsey pound ,2001,,,2007 and 2003,2007,1993,VAB,,,,,,,,,Yes,,,,,,,Channel Islands,Channel Islands
CHL,Chile,Republic of Chile,Latin America & Caribbean,Upper middle income,IBRD,,Chilean peso,2002,,,2003,,1993,VAB,,2005,BPM5,Actual,Special,Consolidated,SDDS,"IHS, 2006",Yes,1997,2005,2008,2000,CL,CL,Chile,Chile
CHN,China,People's Republic of China,East Asia & Pacific,Lower middle income,IBRD,,Chinese yuan,2000,"NSS, 2007","On 1 July 1997 China resumed its exercise of sovereignty over Hong Kong; and on 20 December 1999 China resumed its exercise of sovereignty over Macao. Unless otherwise noted, data for China do not include data for Hong Kong SAR, China; Macao SAR, China; or Taiwan, China.",2000,,1993,VAP,1978-93,2005,BPM5,Preliminary,Special,Budgetary,GDDS,"IHS, 2005",,1997,2005,2008,2000,CN,CN,China,China
CIV,Côte d'Ivoire,Republic of Côte d'Ivoire,Sub-Saharan Africa,Lower middle income,IDA,HIPC,CFA franc,1998,"MICS, 2006",,1996,,,VAP,,2005,BPM5,Actual,Special,Consolidated,GDDS,"IHS, 2002",,2001,,2008,,CI,CI,Côte d'Ivoire,Côte d'Ivoire
CMR,Cameroon,Republic of Cameroon,Sub-Saharan Africa,Lower middle income,IDA,HIPC,CFA franc,1987,"MICS, 2006",,2000,,1993,VAB,,2005,BPM5,Actual,Special,Consolidated,GDDS,"PS, 2001",,1984,,2006,2000,CM,CM,Cameroon,Cameroon
COG,"Congo, Rep.",Republic of Congo,Sub-Saharan Africa,Lower middle income,IDA,HIPC,CFA franc,1996,"DHS, 2005",,1978,,,VAP,1993,2005,BPM5,Preliminary,Special,Consolidated,GDDS,"CWIQ/ PS, 2005",,1985-1986,,1995,2002,CG,CG,"Congo, Rep.",Congo
COL,Colombia,Republic of Colombia,Latin America & Caribbean,Upper middle income,IBRD,,Colombian peso,2005,"DHS, 2005",,2000,,1993,VAB,1992-94,2005,BPM5,Actual,Special,Budgetary,SDDS,"IHS, 2006",,2001,2004,2008,2000,CO,CO,Colombia,Colombia
COM,Comoros,Union of the Comoros,Sub-Saharan Africa,Low income,IDA,HIPC,Comorian franc,2003,"MICS, 2000",,1990,,,VAP,,2005,,Preliminary,,,,"IHS, 2004",,,,2007,,KM,KM,Comoros,Comoros
CPV,Cape Verde,Republic of Cape Verde,Sub-Saharan Africa,Lower middle income,Blend,,Cape Verde escudo,2000,,,1980,,,VAP,,2005,BPM5,Actual,Special,,GDDS,"ES/BS, 2001",Yes,2004,,2008,,CV,CV,Cape Verde,Cape Verde
CRI,Costa Rica,Republic of Costa Rica,Latin America & Caribbean,Upper middle income,IBRD,,Costa Rican colon,2000,"RHS, 1993",,1991,,1993,VAB,,,BPM5,Actual,Special,Consolidated,SDDS,"LFS, 2007",Yes,1973,,2008,2000,CR,CR,Costa Rica,Costa Rica
CUB,Cuba,Republic of Cuba,Latin America & Caribbean,Upper middle income,,,Cuban peso,2002,"MICS, 2006",,1990,,,VAB,,,,,General,,,,Yes,,,2006,2000,CU,CU,Cuba,Cuba
CYM,Cayman Islands,Cayman Islands,Latin America & Caribbean,High income: nonOECD,,,Cayman Islands dollar,1999,,,,,,,,,,,,,,,Yes,,,,,KY,KY,Cayman Islands,Cayman Islands
CYP,Cyprus,Republic of Cyprus,Europe & Central Asia,High income: nonOECD,,Euro area,Euro,2001,,"A simple multiplier is used to convert the national currencies of EMU members to euros. The following irrevocable euro conversion rate entered into force on January 1, 2008: 1 euro = 0.585274 Cyprus pounds. Please note that historical data are not actual euros and are not comparable or suitable for aggregation across countries.",,2000,,VAB,,2005,BPM5,,General,Consolidated,SDDS,,Yes,,2005,2008,2000,CY,CY,Cyprus,Cyprus
CZE,Czech Republic,Czech Republic,Europe & Central Asia,High income: OECD,,,Czech koruna,2001,"RHS, 1993",,2000,1995,1993,VAB,,2005,BPM5,,General,Consolidated,SDDS,IS 1996,Yes,2000,2005,2008,2000,CZ,CZ,Czech Republic,Czech Republic
DEU,Germany,Federal Republic of Germany,Europe & Central Asia,High income: OECD,,Euro area,Euro,2001,,"A simple multiplier is used to convert the national currencies of EMU members to euros. The following irrevocable euro conversion rate was adopted by the EU Council on January 1, 1999: 1 euro = 1.95583 German mark. Please note that historical data before 1999 are not actual euros and are not comparable or suitable for aggregation across countries.",2000,,1993,VAB,,2005,BPM5,,Special,Consolidated,SDDS,"IHS, 2000",Yes,1999-2000,2004,2008,2000,DE,DE,Germany,Germany
DJI,Djibouti,Republic of Djibouti,Middle East & North Africa,Lower middle income,IDA,,Djibouti franc,2009,"MICS, 2006",,1990,,,VAB,,2005,,Actual,,,,"PS, 2002",,,,1998,2000,DJ,DJ,Djibouti,Djibouti
DMA,Dominica,Commonwealth of Dominica,Latin America & Caribbean,Upper middle income,Blend,,East Caribbean dollar,2001,,,1990,,1993,VAB,,,BPM5,Actual,General,,GDDS,,Yes,,,2008,,DM,DM,Dominica,Dominica
DNK,Denmark,Kingdom of Denmark,Europe & Central Asia,High income: OECD,,,Danish krone,2001,,,2000,,1993,VAB,,2005,BPM5,,General,Consolidated,SDDS,ITR 1997,Yes,1999-2000,2004,2008,2000,DK,DK,Denmark,Denmark
DOM,Dominican Republic,Dominican Republic,Latin America & Caribbean,Upper middle income,IBRD,,Dominican peso,2002,"DHS, 2007",,1991,,,VAB,,,BPM5,Actual,General,Consolidated,GDDS,"IHS, 2005",,1971,,2008,2000,DO,DO,Dominican Republic,Dominican Republic
DZA,Algeria,People's Democratic Republic of Algeria,Middle East & North Africa,Upper middle income,IBRD,,Algerian dinar,2008,"MICS, 2006",,1980,,,VAB,,,BPM5,Actual,Special,Budgetary,GDDS,"IHS, 1995",,2001,,2007,2000,DZ,DZ,Algeria,Algeria
ECU,Ecuador,Republic of Ecuador,Latin America & Caribbean,Lower middle income,IBRD,,U.S. dollar,2001,"RHS, 2004",,2000,,1993,VAB,,2005,BPM5,Actual,Special,Budgetary,SDDS,"LFS, 2005",,1999-2000,2004,2008,2000,EC,EC,Ecuador,Ecuador
EGY,"Egypt, Arab Rep.",Arab Republic of Egypt,Middle East & North Africa,Lower middle income,IBRD,,Egyptian pound,2006,"DHS, 2008",Fiscal year end: June 30; reporting period for national accounts data: FY.,1991/1992,,,VAB,,2005,BPM5,Actual,Special,Budgetary,SDDS,"ES/BS, 2004-05",Yes,1999-2000,2001,2008,2000,EG,EG,"Egypt, Arab Rep.",Egypt
ERI,Eritrea,State of Eritrea,Sub-Saharan Africa,Low income,IDA,HIPC,Eritrean nakfa,1984,"DHS, 2002",,1992,,,VAB,,,BPM4,Actual,General,,,,,,2005,2003,2004,ER,ER,Eritrea,Eritrea
ESP,Spain,Kingdom of Spain,Europe & Central Asia,High income: OECD,,Euro area,Euro,2001,,"A simple multiplier is used to convert the national currencies of EMU members to euros. The following irrevocable euro conversion rate was adopted by the EU Council on January 1, 1999: 1 euro = 166.386 Spanish peseta. Please note that historical data before 1999 are not actual euros and are not comparable or suitable for aggregation across countries.",2000,,1993,VAB,,2005,BPM5,,Special,Consolidated,SDDS,"IHS, 2000",Yes,1999,2004,2008,2000,ES,ES,Spain,Spain
EST,Estonia,Republic of Estonia,Europe & Central Asia,High income: nonOECD,,,Estonian kroon,2000,,,2000,,1993,VAB,1987-95,2005,BPM5,,General,Consolidated,SDDS,"ES/BS, 2004",Yes,2001,2005,2008,2000,EE,EE,Estonia,Estonia
ETH,Ethiopia,Federal Democratic Republic of Ethiopia,Sub-Saharan Africa,Low income,IDA,HIPC,Ethiopian birr,2007,"DHS, 2005",Fiscal year end: July 7; reporting period for national accounts data: FY.,1999/2000,,1993,VAB,,2005,BPM5,Actual,General,Consolidated,GDDS,"ES/BS, 2005",,2001-2002,2005,2008,2002,ET,ET,Ethiopia,Ethiopia
FIN,Finland,Republic of Finland,Europe & Central Asia,High income: OECD,,Euro area,Euro,2000,,"A simple multiplier is used to convert the national currencies of EMU members to euros. The following irrevocable euro conversion rate was adopted by the EU Council on January 1, 1999: 1 euro = 5.94573 Finnish markka. Please note that historical data before 1999 are not actual euros and are not comparable or suitable for aggregation across countries.",2000,,1993,VAB,,2005,BPM5,,General,Consolidated,SDDS,"IS, 2000",Yes,1999-2000,2004,2008,2000,FI,FI,Finland,Finland
FJI,Fiji,Republic of Fiji,East Asia & Pacific,Upper middle income,IBRD,,Fijian dollar,2007,,,1995,,,VAB,,2005,BPM4,Actual,General,Budgetary,GDDS,,Yes,,2003,2007,2000,FJ,FJ,Fiji,Fiji
FRA,France,French Republic,Europe & Central Asia,High income: OECD,,Euro area,Euro,2006 (rolling),,"A simple multiplier is used to convert the national currencies of EMU members to euros. The following irrevocable euro conversion rate was adopted by the EU Council on January 1, 1999: 1 euro = 6.55957 French franc. Please note that historical data before 1999 are not actual euros and are not comparable or suitable for aggregation across countries.",,2000,1993,VAB,,2005,BPM5,,Special,Consolidated,SDDS,"ES/BS, 1994/95",Yes,1999-2000,2004,2008,2000,FR,FR,France,France
FRO,Faeroe Islands,Faeroe Islands,Europe & Central Asia,High income: nonOECD,,,Danish krone,Register based,,,,,,VAB,,,BPM5,,General,,,,,,,2005,,FO,FO,Faeroe Islands,Faeroe Islands
FSM,"Micronesia, Fed. Sts.",Federated States of Micronesia,East Asia & Pacific,Lower middle income,IBRD,,U.S. dollar,2000,,The government statistical office has revised national accounts data for 1995-2008.,1998,,,VAB,,,,,,,,,,,,,,FM,FM,"Micronesia, Fed. Sts.",Micronesia
GAB,Gabon,Gabonese Republic,Sub-Saharan Africa,Upper middle income,IBRD,,CFA franc,2003,"DHS, 2000",,1991,,,VAP,1993,2005,BPM5,Preliminary,Special,,GDDS,"CWIQ/ IHS, 2005",,1974-75,,2006,2000,GA,GA,Gabon,Gabon
GBR,United Kingdom,United Kingdom of Great Britain and Northern Ireland,Europe & Central Asia,High income: OECD,,,Pound sterling,2001,,,2000,,1993,VAB,,2005,BPM5,,General,Consolidated,SDDS,"IS, 1999",Yes,1999-2000 (conducted annually),2004,2008,2000,GB,GB,United Kingdom,United Kingdom
GEO,Georgia,Georgia,Europe & Central Asia,Lower middle income,Blend,,Georgian lari,2002,"MICS, 2005, RHS, 2005",,,1996,1993,VAB,1990-95,2005,BPM5,Actual,General,Consolidated,GDDS,"IHS, 2007",Yes,2004,2005,2008,2005,GE,GE,Georgia,Georgia
GHA,Ghana,Republic of Ghana,Sub-Saharan Africa,Low income,IDA,HIPC,New Ghanaian cedi,2000,"DHS, 2008",,2006,,,VAB,1973-87,2005,BPM5,Actual,General,Budgetary,GDDS,"LSMS, 2006",,1984,2002,2008,2000,GH,GH,Ghana,Ghana
GIB,Gibraltar,Gibraltar,Europe & Central Asia,High income: nonOECD,,,Gibraltar pound,,,,,,,,,,,,,,,,,,,,,GI,GI,Gibraltar,Gibraltar
GIN,Guinea,Republic of Guinea,Sub-Saharan Africa,Low income,IDA,HIPC,Guinean franc,1996,"DHS, 2005",,1996,,,VAB,,2005,BPM5,Estimate,Special,Consolidated,GDDS,"CWIQ/, 2003",,2000-2001,,2008,2000,GN,GN,Guinea,Guinea
GMB,"Gambia, The",Republic of The Gambia,Sub-Saharan Africa,Low income,IDA,HIPC,Gambian dalasi,2003,"MICS, 2005/06",Fiscal year end: June 30; reporting period for national accounts data: CY.,1987,,,VAB,,2005,BPM5,Estimate,General,Consolidated,GDDS,"IHS, 2003",,2001-2002,,2008,2000,GM,GM,"Gambia, The",The Gambia
GNB,Guinea-Bissau,Republic of Guinea-Bissau,Sub-Saharan Africa,Low income,IDA,HIPC,CFA franc,2009,"MICS, 2006",,1986,,,VAB,,2005,BPM5,Actual,General,,GDDS,"CWIQ, 2002",,1988,,2005,2000,GW,GW,Guinea-Bissau,Guinea-Bissau
GNQ,Equatorial Guinea,Republic of Equatorial Guinea,Sub-Saharan Africa,High income: nonOECD,IBRD,,CFA franc,2002,,,2000,,,VAB,1965-84,2005,,,,,,,,,,,2000,GQ,GQ,Equatorial Guinea,Equatorial Guinea
GRC,Greece,Hellenic Republic,Europe & Central Asia,High income: OECD,,Euro area,Euro,2001,,"A simple multiplier is used to convert the national currencies of EMU members to euros. The following irrevocable euro conversion rate was adopted by the EU Council on January 1, 1999: 1 euro = 340.75 Greek drachma. Please note that historical data before 1999 are not actual euros and are not comparable or suitable for aggregation across countries.",,2000,,VAB,,2005,BPM5,,Special,Consolidated,SDDS,"IHS, 2000",Yes,1999-2000,2003,2008,2000,GR,GR,Greece,Greece
GRD,Grenada,Grenada,Latin America & Caribbean,Upper middle income,Blend,,East Caribbean dollar,2001,,,1990,,,VAB,,,BPM5,Actual,General,Budgetary,GDDS,,,,,2008,,GD,GD,Grenada,Grenada
GRL,Greenland,Greenland,Europe & Central Asia,High income: nonOECD,,,Danish krone,Register based,,,,,,,,,,,General,,,,Yes,,,2007,,GL,GL,Greenland,Greenland
GTM,Guatemala,Republic of Guatemala,Latin America & Caribbean,Lower middle income,IBRD,,Guatemalan quetzal,2002,"RHS, 2002",The government has revised national accounts data to conform to the 1993 SNA methodology. The new base year is 2001.,2001,,1993,VAB,,,BPM5,Actual,Special,Budgetary,GDDS,"LSMS, 2006",Yes,2003,,2008,2000,GT,GT,Guatemala,Guatemala
GUM,Guam,Guam,East Asia & Pacific,High income: nonOECD,,,U.S. dollar,2000,,,,,,,,,,,,,,,Yes,,,,,GU,GU,Guam,Guam
GUY,Guyana,Republic of Guyana,Latin America & Caribbean,Lower middle income,IDA,HIPC,Guyana dollar,2002,"MICS, 2006",,1988,,,VAB,,,BPM5,Actual,Special,,,"IHS, 1998",,,,2008,2000,GY,GY,Guyana,Guyana
HKG,"Hong Kong SAR, China",Hong Kong Special Administrative Region of the People's Republic of China,East Asia & Pacific,High income: nonOECD,,,Hong Kong dollar,2006,,"On 1 July 1997 China resumed its exercise of sovereignty over Hong Kong. Unless otherwise noted, data for China do not include data for Hong Kong SAR, China; Macao SAR, China; or Taiwan, China.",2006,,1993,VAB,,2005,BPM5,,General,Consolidated,SDDS,,Yes,,,2008,,HK,HK,"Hong Kong SAR, China","Hong Kong SAR, China"
HND,Honduras,Republic of Honduras,Latin America & Caribbean,Lower middle income,IDA,HIPC,Honduran lempira,2001,"DHS, 2005/06",,2000,,1993,VAB,1988-89,,BPM5,Actual,Special,Budgetary,GDDS,"IHS, 2006",,1993,,2007,2000,HN,HN,Honduras,Honduras
HRV,Croatia,Republic of Croatia,Europe & Central Asia,High income: nonOECD,IBRD,,Croatian kuna,2001,,The Statistical Bureau has revised main GDP aggregates for 1995-2005.,,1997,1993,VAB,,2005,BPM5,,General,Consolidated,SDDS,"ES/BS, 2005",Yes,2003,,2008,,HR,HR,Croatia,Croatia
HTI,Haiti,Republic of Haiti,Latin America & Caribbean,Low income,IDA,HIPC,Haitian gourde,2003,"DHS, 2005/06",Fiscal year end: September 30; reporting period for national accounts data: FY. The government has revised national accounts data following changes in the methodology. Current price series since 1991 and constant price series since 1996 have been revised. The new base year is 1986/87.,1986/1987,,,VAB,1991,,BPM5,Preliminary,General,,,"IHS, 2001",,1971,,1997,2000,HT,HT,Haiti,Haiti
HUN,Hungary,Republic of Hungary,Europe & Central Asia,High income: OECD,,,Hungarian forint,2001,,,,2000,1993,VAB,,2005,BPM5,,Special,Consolidated,SDDS,"ES/BS, 2004",Yes,2000,2004,2008,2000,HU,HU,Hungary,Hungary
IDN,Indonesia,Republic of Indonesia,East Asia & Pacific,Lower middle income,IBRD,,Indonesian rupiah,2000,"DHS, 2007",Data for Indonesia include Timor-Leste through 1999 unless otherwise noted. Fiscal year end: March 31; reporting period for national accounts data: CY.,2000,,,VAP,,2005,BPM5,Actual,Special,Consolidated,SDDS,"IHS, 2007",,2003,2004,2008,2000,ID,ID,Indonesia,Indonesia
IMY,Isle of Man,Isle of Man,Europe & Central Asia,High income: nonOECD,,,Manx pound,2006,,,2005,2003,,,,,,,,,,,Yes,,,,,IM,IM,Isle of Man,Isle of Man
IND,India,Republic of India,South Asia,Lower middle income,Blend,,Indian rupee,2001,"DHS, 2005/06",Fiscal year end: March 31; reporting period for national accounts data: FY.,1999/2000,,1993,VAB,,2005,BPM5,Actual,General,Consolidated,SDDS,"IHS, 2004/05",,1995-1996/2000-2001,2003,2008,2000,IN,IN,India,India
IRL,Ireland,Ireland,Europe & Central Asia,High income: OECD,,Euro area,Euro,2006,,"A simple multiplier is used to convert the national currencies of EMU members to euros. The following irrevocable euro conversion rate was adopted by the EU Council on January 1, 1999: 1 euro = 0.787564 Irish pound. Please note that historical data before 1999 are not actual euros and are not comparable or suitable for aggregation across countries.",2000,,1993,VAB,,2005,BPM5,,General,Consolidated,SDDS,"IHS, 2000",Yes,2000,2004,2008,2000,IE,IE,Ireland,Ireland
IRN,"Iran, Islamic Rep.",Islamic Republic of Iran,Middle East & North Africa,Upper middle income,IBRD,,Iranian rial,2006,"DHS, 2000",Fiscal year end: March 20; reporting period for national accounts data: FY.,1997/1998,,,VAB,1980-02,2005,BPM5,Actual,General,Consolidated,,"ES/BS, 2005",Yes,2003,2004,2006,2004,IR,IR,"Iran, Islamic Rep.",Iran
IRQ,Iraq,Republic of Iraq,Middle East & North Africa,Lower middle income,IBRD,,Iraqi dinar,1997,"MICS, 2006",,1997,,,VAB,"1997, 2004",2005,BPM5,,Special,,GDDS,,,1981,1996,2008,2000,IQ,IQ,Iraq,Iraq
ISL,Iceland,Republic of Iceland,Europe & Central Asia,High income: OECD,,,Iceland krona,Register based,,,2000,,,VAB,,2005,BPM5,,General,Consolidated,SDDS,,Yes,,2004,2008,2000,IS,IS,Iceland,Iceland
ISR,Israel,State of Israel,Middle East & North Africa,High income: OECD,,,Israeli new shekel,2008,,,2005,,1993,VAP,,2005,BPM5,,Special,Consolidated,SDDS,"ES/BS, 2001",Yes,1981,2004,2008,2004,IL,IL,Israel,Israel
ITA,Italy,Italian Republic,Europe & Central Asia,High income: OECD,,Euro area,Euro,2001,,"A simple multiplier is used to convert the national currencies of EMU members to euros. The following irrevocable euro conversion rate was adopted by the EU Council on January 1, 1999: 1 euro = 1936.27 Italian lira. Please note that historical data before 1999 are not actual euros and are not comparable or suitable for aggregation across countries.",2000,,1993,VAB,,2005,BPM5,,Special,Consolidated,SDDS,"ES/BS, 2000",Yes,2000,2004,2008,2000,IT,IT,Italy,Italy
JAM,Jamaica,Jamaica,Latin America & Caribbean,Upper middle income,IBRD,,Jamaican dollar,2001,MICS 2005,,2003,,,VAB,,,BPM5,Actual,General,Consolidated,GDDS,"LSMS, 2004",,1996,,2008,2000,JM,JM,Jamaica,Jamaica
JOR,Jordan,Hashemite Kingdom of Jordan,Middle East & North Africa,Lower middle income,IBRD,,Jordanian dinar,2004,"DHS, 2007",,1994,,,VAB,,2005,BPM5,Actual,General,Budgetary,SDDS,"ES/BS, 2006",,1997,2005,2008,2005,JO,JO,Jordan,Jordan
JPN,Japan,Japan,East Asia & Pacific,High income: OECD,,,Japanese yen,2005,,Fiscal year end: March 31; reporting period for national accounts data: CY.,2000,,,VAB,,2005,BPM5,,General,Consolidated,SDDS,"IS, 1993",Yes,2000,2004,2008,2000,JP,JP,Japan,Japan
KAZ,Kazakhstan,Republic of Kazakhstan,Europe & Central Asia,Upper middle income,IBRD,,Kazakh tenge,1999,"MICS, 2006",,,1995,1993,VAB,1987-95,2005,BPM5,Actual,General,Consolidated,SDDS,"ES/BS, 2007",Yes,,,2008,2000,KZ,KZ,Kazakhstan,Kazakhstan
KEN,Kenya,Republic of Kenya,Sub-Saharan Africa,Low income,IDA,,Kenyan shilling,1999,"DHS, 2003, SPA, 2004",Fiscal year end: June 30; reporting period for national accounts data: CY.,2001,,1993,VAB,,2005,BPM5,Actual,General,Budgetary,GDDS,"IHS, 2005-06",,1977-1979,2005,2008,2003,KE,KE,Kenya,Kenya
KGZ,Kyrgyz Republic,Kyrgyz Republic,Europe & Central Asia,Low income,IDA,HIPC,Kyrgyz som,2009,MICS 2005/06,,,1995,1993,VAB,1990-95,2005,BPM5,Actual,General,Consolidated,SDDS,"ES/BS, 2007",Yes,2002,2004,2007,2000,KG,KG,Kyrgyz Republic,Kyrgyz Republic
KHM,Cambodia,Kingdom of Cambodia,East Asia & Pacific,Low income,IDA,,Cambodian riel,2008,"DHS, 2005",,2000,,,VAB,,2005,BPM5,Actual,General,Consolidated,GDDS,"IHS, 2007",,,1999,2004,2000,KH,KH,Cambodia,Cambodia
KIR,Kiribati,Republic of Kiribati,East Asia & Pacific,Lower middle income,IDA,,Australian dollar,2005,,The government statistical office has revised national accounts data for 1970-2008.,1991,,,VAB,,,,,General,,GDDS,,,,,2005,,KI,KI,Kiribati,Kiribati
KNA,St. Kitts and Nevis,St. Kitts and Nevis,Latin America & Caribbean,Upper middle income,IBRD,,East Caribbean dollar,2001,,,1990,,1993,VAB,,,BPM5,Preliminary,General,Consolidated,GDDS,,,,,2007,,KN,KN,St. Kitts and Nevis,St. Kitts and Nevis
KOR,"Korea, Rep.",Republic of Korea,East Asia & Pacific,High income: OECD,IBRD,,Korean won,2005,,,2000,,1993,VAB,,2005,BPM5,,Special,Consolidated,SDDS,"ES/BS, 1998",Yes,2000,2005,2008,2000,KR,KR,"Korea, Rep.",Korea
KSV,Kosovo,Republic of Kosovo,Europe & Central Asia,Lower middle income,IDA,,Euro,1981,,"Kosovo became a World Bank member on June 29, 2009. Since 1999, Kosovo has been a territory under international administration pursuant to UN Security Council Resolution 1244 (1999).",,,,,,,,,,,,,,,,,,,KV,Kosovo,Kosovo
KWT,Kuwait,State of Kuwait,Middle East & North Africa,High income: nonOECD,,,Kuwaiti dinar,2005,"FHS, 1996",Fiscal year end: June 30; reporting period for national accounts data: CY.,1995,,,VAP,,2005,BPM5,,Special,Consolidated,GDDS,,Yes,1970,,2007,2002,KW,KW,Kuwait,Kuwait
LAO,Lao PDR,Lao People's Democratic Republic,East Asia & Pacific,Low income,IDA,,Lao kip,2005,"MICS, 2006",,1990,,,VAB,,2005,BPM5,Preliminary,General,,,"ES/BS, 2002-03",,1998-1999,1998,1975,2000,LA,LA,Lao PDR,Lao PDR
LBN,Lebanon,Lebanese Republic,Middle East & North Africa,Upper middle income,IBRD,,Lebanese pound,1970,"MICS, 2000",The government has revised national accounts data for 1997-2007. The new base year is 1997.,1997,,,VAB,,2005,BPM5,Actual,General,Budgetary,GDDS,,,1998-1999,1997,2008,2005,LB,LB,Lebanon,Lebanon
LBR,Liberia,Republic of Liberia,Sub-Saharan Africa,Low income,IDA,HIPC,Liberian dollar,2008,"DHS, 2007, MIS, 2008/09",,1992,,,VAP,,2005,BPM5,Estimate,,,GDDS,CWIQ 2007,,,,1985,2000,LR,LR,Liberia,Liberia
LBY,Libya,Socialist People's Libyan Arab Jamahiriya,Middle East & North Africa,Upper middle income,IBRD,,Libyan dinar,1995,"MICS, 2000",,1999,,,VAB,1986,,BPM5,,General,,GDDS,,,2001,,2004,2000,LY,LY,Libya,Libya
LCA,St. Lucia,St. Lucia,Latin America & Caribbean,Upper middle income,Blend,,East Caribbean dollar,2001,,The government has revised national accounts data for 1998-2008.,1990,,,VAB,,,BPM5,Actual,General,,GDDS,"IHS, 1995",Yes,,,2008,,LC,LC,St. Lucia,St. Lucia
LIE,Liechtenstein,Principality of Liechtenstein,Europe & Central Asia,High income: nonOECD,,,Swiss franc,2000,,,,,,VAB,,,,,Special,,,,Yes,,,,,LI,LI,Liechtenstein,Liechtenstein
LKA,Sri Lanka,Democratic Socialist Republic of Sri Lanka,South Asia,Lower middle income,IDA,,Sri Lankan rupee,2001,"DHS, 1987",,2002,,,VAP,,2005,BPM5,Actual,General,Budgetary,GDDS,"ES/BS, 2002",Yes,2002,2005,2008,2000,LK,LK,Sri Lanka,Sri Lanka
LSO,Lesotho,Kingdom of Lesotho,Sub-Saharan Africa,Lower middle income,IDA,,Lesotho loti,2006,"DHS, 2004",Fiscal year end: March 31; reporting period for national accounts data: CY.,1995,,1993,VAB,,2005,BPM5,Actual,General,Consolidated,GDDS,"ES/BS, 2002-03",,1999-2000,,2004,2000,LS,LS,Lesotho,Lesotho
LTU,Lithuania,Republic of Lithuania,Europe & Central Asia,Upper middle income,,,Lithuanian litas,2001,,,2000,,1993,VAB,1990-95,2005,BPM5,Actual,General,Consolidated,SDDS,"ES/BS, 2004",Yes,2003,2005,2008,2000,LT,LT,Lithuania,Lithuania
LUX,Luxembourg,Grand Duchy of Luxembourg,Europe & Central Asia,High income: OECD,,Euro area,Euro,2001,,"A simple multiplier is used to convert the national currencies of EMU members to euros. The following irrevocable euro conversion rate was adopted by the EU Council on January 1, 1999: 1 euro = 40.3399 Luxembourg franc. Please note that historical data before 1999 are not actual euros and are not comparable or suitable for aggregation across countries.",,2000,,VAB,,2005,BPM5,,Special,Consolidated,SDDS,,Yes,1999-2000 (conducted annually),2004,2008,,LU,LU,Luxembourg,Luxembourg
LVA,Latvia,Republic of Latvia,Europe & Central Asia,High income: nonOECD,,,Latvian lats,2000,,,2000,,1993,VAB,1987-95,2005,BPM5,Actual,Special,Consolidated,SDDS,"IHS, 2007",Yes,2001,2005,2008,2000,LV,LV,Latvia,Latvia
MAC,"Macao SAR, China",Macao Special Administrative Region of the People's Republic of China,East Asia & Pacific,High income: nonOECD,,,Macao pataca,2006,,"On 20 December 1999 China resumed its exercise of sovereignty over Macao. Unless otherwise noted, data for China do not include data for Hong Kong SAR, China; Macao SAR, China; or Taiwan, China.",2002,,,VAB,,2005,BPM5,,General,Consolidated,GDDS,,Yes,,,2008,,MO,MO,"Macao SAR, China","Macao SAR, China"
MAR,Morocco,Kingdom of Morocco,Middle East & North Africa,Lower middle income,IBRD,,Moroccan dirham,2004,"MICS, 2006",,1998,,,VAB,,2005,BPM5,Actual,Special,Consolidated,SDDS,"ES/BS, 2007",,1996,2005,2008,2000,MA,MA,Morocco,Morocco
MCO,Monaco,Principality of Monaco,Europe & Central Asia,High income: nonOECD,,,Euro,2008,,,,,,,,,,,,,,,,,,,,MC,MC,Monaco,Monaco
MDA,Moldova,Republic of Moldova,Europe & Central Asia,Lower middle income,IDA,,Moldovan leu,2004,"DHS, 2005",,,1996,1993,VAB,1990-95,2005,BPM5,Actual,General,Consolidated,SDDS,"ES/BS, 2007",Yes,,2004,2008,2000,MD,MD,Moldova,Moldova
MDG,Madagascar,Republic of Madagascar,Sub-Saharan Africa,Low income,IDA,HIPC,Malagasy ariary,1993,"DHS, 2003/04",,1984,,,VAB,,2005,BPM5,Actual,Special,Consolidated,GDDS,PS 2005,,2004,2005,2008,2000,MG,MG,Madagascar,Madagascar
MDV,Maldives,Republic of Maldives,South Asia,Lower middle income,IDA,,Maldivian rufiyaa,2006,"MICS, 2001",National accounts data for 2001-08 have been revised to reflect a change in source from the Asian Development Bank to the Maldives Planning Department.,1995,,,VAB,,2005,BPM5,Actual,General,Consolidated,,,Yes,,,2008,,MV,MV,Maldives,Maldives
MEX,Mexico,United Mexican States,Latin America & Caribbean,Upper middle income,IBRD,,Mexican peso,2005,"ENPF, 1995",,2003,,1993,VAB,,2005,BPM5,Actual,General,Consolidated,SDDS,"LFS, 2008",,1991,1999,2008,2000,MX,MX,Mexico,Mexico
MHL,Marshall Islands,Republic of the Marshall Islands,East Asia & Pacific,Lower middle income,IBRD,,U.S. dollar,1999,,,1991,,,VAB,,,,,,,,,,,,,,MH,MH,Marshall Islands,Marshall Islands
MKD,"Macedonia, FYR",Former Yugoslav Republic of Macedonia,Europe & Central Asia,Upper middle income,IBRD,,Macedonian denar,2002,"MICS, 2005",,1997,1995,1993,VAB,,2005,BPM5,Actual,General,,GDDS,"ES/BS, 2006",Yes,1994,2000,2008,,MK,MK,"Macedonia, FYR",Macedonia
MLI,Mali,Republic of Mali,Sub-Saharan Africa,Low income,IDA,HIPC,CFA franc,1998,"DHS, 2006",,1987,,,VAB,,2005,BPM4,Actual,General,Budgetary,GDDS,"IHS, 2006",,1984,,2008,2000,ML,ML,Mali,Mali
MLT,Malta,Republic of Malta,Middle East & North Africa,High income: nonOECD,,Euro area,Euro (data reported in Maltese liri),2005,,,1973,,,VAB,,2005,BPM5,,General,Consolidated,SDDS,,Yes,2001,2004,2008,2000,MT,MT,Malta,Malta
MMR,Myanmar,Union of Myanmar,East Asia & Pacific,Low income,IDA,,Myanmar kyat,1983,"MICS, 2000",Fiscal year end: March 31; reporting period for national accounts data: FY.,1985/1986,,,VAP,,,BPM5,Estimate,General,Consolidated,,,,2003,,2001,2000,MM,MM,Myanmar,Myanmar
MNE,Montenegro,Montenegro,Europe & Central Asia,Upper middle income,IBRD,,Euro,2003,"MICS, 2005/06","Montenegro declared independence from Serbia and Montenegro on June 3, 2006. Where available, data for each country are shown separately. However, for Serbia, some indicators continue to include data for Montenegro through 2005.",2000,,1993,VAB,,2005,,Actual,,,,ES/BS 2007,Yes,,,,,ME,ME,Montenegro,Montenegro
MNG,Mongolia,Mongolia,East Asia & Pacific,Lower middle income,IDA,,Mongolian tugrik,2000,"MICS, 2005",,2005,,1993,VAB,,2005,BPM5,Estimate,Special,Consolidated,GDDS,"LSMS, 2006-08",Yes,,1999,2007,2000,MN,MN,Mongolia,Mongolia
MNP,Northern Mariana Islands,Commonwealth of the Northern Mariana Islands,East Asia & Pacific,High income: nonOECD,,,U.S. dollar,2000,,,,,,,,,,,,,,,,,,,,MP,MP,Northern Mariana Islands,Northern Mariana Islands
MOZ,Mozambique,Republic of Mozambique,Sub-Saharan Africa,Low income,IDA,HIPC,New Mozambican metical,2007,"DHS, 2003",,2003,,,VAB,1992-95,2005,BPM5,Actual,Special,,GDDS,"ES/BS, 2002/03",,1999-2000,,2008,2000,MZ,MZ,Mozambique,Mozambique
MRT,Mauritania,Islamic Republic of Mauritania,Sub-Saharan Africa,Low income,IDA,HIPC,Mauritanian ouguiya,2000,"MICS, 2007",,1998,,,VAB,,2005,BPM4,Actual,General,,GDDS,"IHS, 2000",,1984-1985,,2008,2000,MR,MR,Mauritania,Mauritania
MUS,Mauritius,Republic of Mauritius,Sub-Saharan Africa,Upper middle income,IBRD,,Mauritian rupee,2000,,National accounts now reflect fiscal year data rather than calendar year data. The new base year is 2006.,2006,,,VAB,,2005,BPM5,Actual,General,Consolidated,GDDS,,Yes,,2003,2008,2003,MU,MU,Mauritius,Mauritius
MWI,Malawi,Republic of Malawi,Sub-Saharan Africa,Low income,IDA,HIPC,Malawi kwacha,2008,MICS 2006,Fiscal year end: March 31; reporting period for national accounts data: CY.,1994,,,VAB,,2005,BPM5,Actual,General,,GDDS,"LSMS, 2004-05",,1993,2000,2008,2000,MW,MW,Malawi,Malawi
MYS,Malaysia,Malaysia,East Asia & Pacific,Upper middle income,IBRD,,Malaysian ringgit,2000,,,2000,,,VAP,,2005,BPM5,Estimate,General,Consolidated,SDDS,"ES/BS, 2004",Yes,,2004,2008,2000,MY,MY,Malaysia,Malaysia
MYT,Mayotte,Mayotte,Sub-Saharan Africa,Upper middle income,,,Euro,2007,,,,,,,,,,,,,,,,,,2007,,YT,YT,Mayotte,Mayotte
NAM,Namibia,Republic of Namibia,Sub-Saharan Africa,Upper middle income,IBRD,,Namibian dollar,2001,"DHS, 2006/07",Fiscal year end: March 31; reporting period for national accounts data: CY. The government has revised national accounts data since 2000. The new base year is 2004/05.,2004/2005,,1993,VAB,,2005,BPM5,,General,Budgetary,GDDS,"ES/BS, 1993/94",,1996-1997,,2008,2000,NA,NA,Namibia,Namibia
NCL,New Caledonia,New Caledonia,East Asia & Pacific,High income: nonOECD,,,CFP franc,2009,,,,,,,,,,,Special,,,,Yes,,,2008,,NC,NC,New Caledonia,New Caledonia
NER,Niger,Republic of Niger,Sub-Saharan Africa,Low income,IDA,HIPC,CFA franc,2001,"DHS/MICS, 2006",,1987,,,VAP,1993,2005,BPM5,Preliminary,Special,,GDDS,QWIC/PS 2005,,1980,,2008,2000,NE,NE,Niger,Niger
NGA,Nigeria,Federal Republic of Nigeria,Sub-Saharan Africa,Lower middle income,IDA,,Nigerian naira,2006,"DHS, 2008",,2002,,,VAB,1971-98,2005,BPM5,Preliminary,General,,GDDS,"IHS, 2003-04",,1960,,2008,2000,NG,NG,Nigeria,Nigeria
NIC,Nicaragua,Republic of Nicaragua,Latin America & Caribbean,Lower middle income,IDA,HIPC,Nicaraguan gold cordoba,2005,"RHS, 2006/07",,1994,,1993,VAB,1965-95,,BPM5,Actual,Special,Budgetary,GDDS,"LSMS, 2005",,2001,,2007,2000,NI,NI,Nicaragua,Nicaragua
NLD,Netherlands,Kingdom of the Netherlands,Europe & Central Asia,High income: OECD,,Euro area,Euro,2001,,"A simple multiplier is used to convert the national currencies of EMU members to euros. The following irrevocable euro conversion rate was adopted by the EU Council on January 1, 1999: 1 euro = 2.20371 Netherlands guilder. Please note that historical data before 1999 are not actual euros and are not comparable or suitable for aggregation across countries.",,2000,1993,VAB,,2005,BPM5,,Special,Consolidated,SDDS,"IHS, 1999",Yes,1999-2000 (conducted annually),2004,2008,,NL,NL,Netherlands,Netherlands
NOR,Norway,Kingdom of Norway,Europe & Central Asia,High income: OECD,,,Norwegian krone,2001,,,,2000,1993,VAB,,2005,BPM5,,General,Consolidated,SDDS,"IS, 2000",Yes,1999,2003,2008,2000,NO,NO,Norway,Norway
NPL,Nepal,Nepal,South Asia,Low income,IDA,,Nepalese rupee,2001,"DHS, 2006",Fiscal year end: July 14; reporting period for national accounts data: FY.,2000/2001,,,VAB,,2005,BPM5,Actual,Special,Consolidated,GDDS,"LSMS, 2003/04",,2002,2001,2002,2000,NP,NP,Nepal,Nepal
NZL,New Zealand,New Zealand,East Asia & Pacific,High income: OECD,,,New Zealand dollar,2006,,Fiscal year end: March 31; reporting period for national accounts data: FY.,2000/2001,,,VAB,,2005,BPM5,,General,Consolidated,,"IS, 1997",Yes,2002,2003,2008,2000,NZ,NZ,New Zealand,New Zealand
OMN,Oman,Sultanate of Oman,Middle East & North Africa,High income: nonOECD,,,Rial Omani,2003,"FHS, 1995",,1988,,,VAP,,2005,BPM5,,General,Budgetary,GDDS,,,1978-1979,2005,2008,2003,OM,OM,Oman,Oman
PAK,Pakistan,Islamic Republic of Pakistan,South Asia,Lower middle income,Blend,,Pakistani rupee,1998,"DHS, 2006/07",Fiscal year end: June 30; reporting period for national accounts data: FY.,1999/2000,,1993,VAB,,2005,BPM5,Actual,General,Consolidated,GDDS,"LSMS, 2004/05",,2000,,2008,2000,PK,PK,Pakistan,Pakistan
PAN,Panama,Republic of Panama,Latin America & Caribbean,Upper middle income,IBRD,,Panamanian balboa,2000,"LSMS, 2003",,1996,,1993,VAB,,,BPM5,Actual,Special,Consolidated,GDDS,"LFS, 2006",,2001,2000,2008,2000,PA,PA,Panama,Panama
PER,Peru,Republic of Peru,Latin America & Caribbean,Upper middle income,IBRD,,Peruvian new sol,2007,"DHS, 2007/08",,1994,,,VAB,1985-90,2005,BPM5,Actual,Special,Consolidated,SDDS,"LSMS, 2007",,1994,2006,2008,2000,PE,PE,Peru,Peru
PHL,Philippines,Republic of the Philippines,East Asia & Pacific,Lower middle income,IBRD,,Philippine peso,2007,"DHS, 2008",,1985,,,VAP,,2005,BPM5,Actual,General,Budgetary,SDDS,"ES/BS, 2006",Yes,2002,2004,2008,2000,PH,PH,Philippines,Philippines
PLW,Palau,Republic of Palau,East Asia & Pacific,Upper middle income,IBRD,,U.S. dollar,2005,,,1995,,,VAB,,,,,,,,,Yes,,,,,PW,PW,Palau,Palau
PNG,Papua New Guinea,The Independent State of Papua New Guinea,East Asia & Pacific,Lower middle income,Blend,,Papua New Guinea kina,2000,"DHS, 1996",,1998,,,VAB,1989,,BPM5,Actual,General,Budgetary,,"IHS, 1996",,,,2004,2000,PG,PG,Papua New Guinea,Papua New Guinea
POL,Poland,Republic of Poland,Europe & Central Asia,High income: OECD,IBRD,,Polish zloty,2002,,,,2002,1993,VAB,,2005,BPM5,Actual,Special,Consolidated,SDDS,"ES/BS, 2005",Yes,1996/2002,2004,2008,2000,PL,PL,Poland,Poland
PRI,Puerto Rico,Puerto Rico,Latin America & Caribbean,High income: nonOECD,,,U.S. dollar,2000,"RHS, 1995/96",Fiscal year end: June 30; reporting period for national accounts data: FY.,1954,,,VAP,,,,,General,,,,Yes,1997/2002,,,,PR,PR,Puerto Rico,Puerto Rico
PRK,"Korea, Dem. Rep.",Democratic People's Republic of Korea,East Asia & Pacific,Low income,,,Democratic People's Republic of Korean won,2008,"MICS, 2000",,,,,,,,BPM5,,,,,,,,,,2000,KP,KP,"Korea, Dem. Rep.",Dem. Rep. Korea
PRT,Portugal,Portuguese Republic,Europe & Central Asia,High income: OECD,,Euro area,Euro,2001,,"A simple multiplier is used to convert the national currencies of EMU members to euros. The following irrevocable euro conversion rate was adopted by the EU Council on January 1, 1999: 1 euro = 200.482 Portuguese escudo. Please note that historical data before 1999 are not actual euros and are not comparable or suitable for aggregation across countries.",2000,,1993,VAB,,2005,BPM5,,Special,Consolidated,SDDS,"IS, 1997",Yes,1999,2004,2008,2000,PT,PT,Portugal,Portugal
PRY,Paraguay,Republic of Paraguay,Latin America & Caribbean,Lower middle income,IBRD,,Paraguayan guarani,2002,"RHS, 2004",,1994,,,VAP,,2005,BPM5,Actual,Special,Consolidated,GDDS,"IHS, 2007",,1991,,2008,2000,PY,PY,Paraguay,Paraguay
PYF,French Polynesia,French Polynesia,East Asia & Pacific,High income: nonOECD,,,CFP franc,2007,,,,,,,,,,,General,,,,Yes,,,2008,,PF,PF,French Polynesia,French Polynesia
QAT,Qatar,State of Qatar,Middle East & North Africa,High income: nonOECD,,,Qatari riyal,2004,,,2001,,,VAP,,2005,,,General,Budgetary,GDDS,,Yes,2000-2001,2005,2008,2005,QA,QA,Qatar,Qatar
ROM,Romania,Romania,Europe & Central Asia,Upper middle income,IBRD,,New Romanian leu,2002,"RHS, 1999",,,2005,1993,VAB,"1987-89, 1992",2005,BPM5,Actual,Special,Consolidated,SDDS,"LFS, 2007",Yes,2002,2005,2008,2000,RO,RO,Romania,Romania
RUS,Russian Federation,Russian Federation,Europe & Central Asia,Upper middle income,IBRD,,Russian ruble,2002,"RHS, 1996",,2000,,1993,VAB,1987-95,2005,BPM5,Preliminary,General,Consolidated,SDDS,"IHS, 2007",Yes,1994-95,2005,2008,2000,RU,RU,Russian Federation,Russia
RWA,Rwanda,Republic of Rwanda,Sub-Saharan Africa,Low income,IDA,HIPC,Rwandan franc,2002,"DHS, 2007/08",,1995,,,VAP,1994,2005,BPM5,Estimate,General,Consolidated,GDDS,"IHS, 2000",,1984,1998,2008,2000,RW,RW,Rwanda,Rwanda
SAU,Saudi Arabia,Kingdom of Saudi Arabia,Middle East & North Africa,High income: nonOECD,,,Saudi Arabian riyal,2004,"Demographic survey, 2007",,1999,,,VAP,,2005,BPM4,,General,,GDDS,,,1999,2005,2007,2006,SA,SA,Saudi Arabia,Saudi Arabia
SDN,Sudan,Republic of the Sudan,Sub-Saharan Africa,Lower middle income,IDA,HIPC,Sudanese pound,2008,MICS-PAPFAM 2006,,1981/82 (Reporting period switch from fiscal year to calendar year from 1996. Pre-1996 data converted to calendar year.),1996,,VAB,,2005,BPM5,Actual,General,Budgetary,GDDS,,,,2000,2008,2000,SD,SD,Sudan,Sudan
SEN,Senegal,Republic of Senegal,Sub-Saharan Africa,Lower middle income,IDA,HIPC,CFA franc,2002,"DHS, 2005, MIS, 2008-09",,1999,1987,1993,VAB,,2005,BPM5,Actual,Special,Budgetary,GDDS,PS 2005,,1998-1999,2001,2008,2002,SN,SN,Senegal,Senegal
SGP,Singapore,Republic of Singapore,East Asia & Pacific,High income: nonOECD,,,Singapore dollar,2000,"General  household, 2005",Fiscal year end: March 31; reporting period for national accounts data: CY.,2000,,1993,VAB,,2005,BPM5,,General,Consolidated,SDDS,,Yes,,2005,2008,,SG,SG,Singapore,Singapore
SLB,Solomon Islands,Solomon Islands,East Asia & Pacific,Low income,IDA,,Solomon Islands dollar,1999,,,2004,,,VAB,,,BPM5,Actual,,,,,,,,2007,,SB,SB,Solomon Islands,Solomon Islands
SLE,Sierra Leone,Republic of Sierra Leone,Sub-Saharan Africa,Low income,IDA,HIPC,Sierra Leonean leone,2004,DHS 2008,Fiscal year end: June 30; reporting period for national accounts data: CY.,1990,,1993,VAB,,2005,BPM5,Preliminary,Special,Budgetary,GDDS,"IHS, 2003",,1984-1985,,2002,2000,SL,SL,Sierra Leone,Sierra Leone
SLV,El Salvador,Republic of El Salvador,Latin America & Caribbean,Lower middle income,IBRD,,U.S. dollar,2007,"RHS, 2008",,1990,,,VAB,,,BPM5,Actual,Special,Consolidated,SDDS,"IHS, 2007",Yes,1970-71,,2008,2000,SV,SV,El Salvador,El Salvador
SMR,San Marino,Republic of San Marino,Europe & Central Asia,High income: nonOECD,,,Euro,Register based,,,1995,2000,1993,VAB,,,,,Special,Consolidated,GDDS,,Yes,,,,,SM,SM,San Marino,San Marino
SOM,Somalia,Somali Democratic Republic,Sub-Saharan Africa,Low income,IDA,HIPC,Somali shilling,1987,"MICS, 2006",,1985,,,VAB,1977-90,,,Estimate,,,,,,,,1982,2003,SO,SO,Somalia,Somalia
SRB,Serbia,Republic of Serbia,Europe & Central Asia,Upper middle income,IBRD,,Serbian dinar,2002,"MICS, 2005-06","Montenegro declared independence from Serbia and Montenegro on June 3, 2006. Where available, data for each country are shown separately. However, for Serbia, some indicators, such as those series for which data appear only for Serbia and not Montenegro--e.g., aid, environment, external debt, balance of payments, various social indicators excluding population--continue to include data for Montenegro through 2005. Moreover, data from 1999 onward for Serbia for most indicators exclude data for Kosovo, 1999 being the year when Kosovo became a territory under international administration pursuant to UN Security Council Resolution 1244 (1999); any exceptions are noted. Kosovo became a World Bank member on June 29, 2009; available data are shown separately for Kosovo. The Statistical Bureau of Serbia has revised current and constant GDP for 1997-2006.",,2002,1993,VAB,,2005,,Actual,Special,Consolidated,GDDS,,Yes,,,2008,,RS,YF,Serbia,Serbia
STP,São Tomé and Principe,Democratic Republic of São Tomé and Principe,Sub-Saharan Africa,Lower middle income,IDA,HIPC,São Tomé and Principe dobra,2001,,,2001,,,VAP,,2005,,Preliminary,Special,,GDDS,PS 2000-01,,,,2008,,ST,ST,São Tomé and Principe,São Tomé and Principe
SUR,Suriname,Republic of Suriname,Latin America & Caribbean,Upper middle income,IBRD,,Suriname dollar,2004,"MICS, 2000",,1990,,1993,VAB,,,BPM5,,General,,GDDS,"ES/BS, 1999",Yes,,,2008,2000,SR,SR,Suriname,Suriname
SVK,Slovak Republic,Slovak Republic,Europe & Central Asia,High income: OECD,,Euro area,Euro,2001,,"A simple multiplier is used to convert the national currencies of EMU members to euros. The following irrevocable euro conversion rate entered into force on January 1, 2009: 1 euro = 30.126 Slovak koruna. Please note that historical data are not actual euros and are not comparable or suitable for aggregation across countries.",2000,1995,1993,VAB,,2005,BPM5,,General,Consolidated,SDDS,"IS, 1996",Yes,2001,2004,2008,,SK,SK,Slovak Republic,Slovak Republic
SVN,Slovenia,Republic of Slovenia,Europe & Central Asia,High income: OECD,,Euro area,Euro,2002,,"A simple multiplier is used to convert the national currencies of EMU members to euros. The following irrevocable euro conversion rate entered into force on January 1, 2007: 1 euro = 239.64 Slovenian tolar. Please note that historical data are not actual euros and are not comparable or suitable for aggregation across countries.",,2000,1993,VAB,,2005,BPM5,,Special,Consolidated,SDDS,"ES/BS, 2004",Yes,2000,2005,2008,,SI,SI,Slovenia,Slovenia
SWE,Sweden,Kingdom of Sweden,Europe & Central Asia,High income: OECD,,,Swedish krona,Register based,,Fiscal year end: June 30; reporting period for national accounts data: CY.,,2000,,VAB,,2005,BPM5,,General,Consolidated,SDDS,"IS, 2000",Yes,1999-2000,2004,2008,2000,SE,SE,Sweden,Sweden
SWZ,Swaziland,Kingdom of Swaziland,Sub-Saharan Africa,Lower middle income,IBRD,,Swaziland lilangeni,2007,"DHS, 2006/07",Fiscal year end: March 31; reporting period for national accounts data: CY.,2000,,,VAB,,2005,,Preliminary,General,Consolidated,GDDS,"ES/BS, 2000/01",,2003,,2007,2000,SZ,SZ,Swaziland,Swaziland
SYC,Seychelles,Republic of Seychelles,Sub-Saharan Africa,Upper middle income,IBRD,,Seychelles rupee,2002,,,1986,,,VAP,,,BPM5,Actual,General,Consolidated,SDDS,,Yes,1998,,2008,2003,SC,SC,Seychelles,Seychelles
SYR,Syrian Arab Republic,Syrian Arab Republic,Middle East & North Africa,Lower middle income,IBRD,,Syrian pound,2004,"MICS, 2006",,2000,,,VAB,1970-08,2005,BPM5,,Special,Consolidated,GDDS,,,1981,,2007,2003,SY,SY,Syrian Arab Republic,Syrian Arab Republic
TCA,Turks and Caicos Islands,Turks and Caicos Islands,Latin America & Caribbean,High income: nonOECD,,,U.S. dollar,,,,,,,,,,,,,,,,,,,,,TC,TC,Turks and Caicos Islands,Turks and Caicos Islands
TCD,Chad,Republic of Chad,Sub-Saharan Africa,Low income,IDA,HIPC,CFA franc,1993,"DHS, 2004",,1995,,1993,VAB,,2005,BPM5,Actual,Special,,GDDS,"PS, 2002-03",,,,1996,2000,TD,TD,Chad,Chad
TGO,Togo,Republic of Togo,Sub-Saharan Africa,Low income,IDA,HIPC,CFA franc,1981,"MICS, 2006",,1978,,,VAP,,2005,BPM5,Actual,Special,Budgetary,GDDS,"CWIQ, 2006",,1996,,2007,2002,TG,TG,Togo,Togo
THA,Thailand,Kingdom of Thailand,East Asia & Pacific,Lower middle income,IBRD,,Thai baht,2000,MICS 2005/06,Fiscal year end: September 30; reporting period for national accounts data: CY.,1988,,,VAP,,2005,BPM5,Estimate,General,Consolidated,SDDS,"IHS, 2004",,2003,1999,2008,2000,TH,TH,Thailand,Thailand
TJK,Tajikistan,Republic of Tajikistan,Europe & Central Asia,Low income,IDA,,Tajik somoni,2000,"MICS, 2005",,,2000,1993,VAB,1990-95,2005,BPM5,Preliminary,General,Consolidated,GDDS,"LSMS, 2004",,1994,,2000,2000,TJ,TJ,Tajikistan,Tajikistan
TKM,Turkmenistan,Turkmenistan,Europe & Central Asia,Lower middle income,IBRD,,New Turkmen manat,1995,"MICS,2006","On January 1, 2009, the Turkmen manat was redenominated (1 new manat = 5,000 old manats).",,2007,1993,VAB,"1987-95, 1997-07",,BPM5,Estimate,General,,,"LSMS, 1998",Yes,,,2000,2000,TM,TM,Turkmenistan,Turkmenistan
TMP,Timor-Leste,Democratic Republic of Timor-Leste,East Asia & Pacific,Lower middle income,IDA,,U.S. dollar,2004,"DGHS, 2003",,2000,,,VAP,,,,,,,,"LSMS, 2007",,,,2005,,TL,TP,Timor-Leste,Timor-Leste
TON,Tonga,Kingdom of Tonga,East Asia & Pacific,Lower middle income,IDA,,Tongan pa'anga,2006,,,2000/2001,,,VAB,,,BPM5,Actual,,,GDDS,,Yes,2001,,2007,,TO,TO,Tonga,Tonga
TTO,Trinidad and Tobago,Republic of Trinidad and Tobago,Latin America & Caribbean,High income: nonOECD,IBRD,,Trinidad and Tobago dollar,2000,"MICS, 2006",,2000,,1993,VAB,,,BPM5,,Special,Consolidated,GDDS,"IHS, 1992",Yes,2004,2005,2008,2000,TT,TT,Trinidad and Tobago,Trinidad and Tobago
TUN,Tunisia,Republic of Tunisia,Middle East & North Africa,Lower middle income,IBRD,,Tunisian dinar,2004,"MICS, 2006",,1990,,,VAP,,2005,BPM5,Actual,General,Consolidated,SDDS,"IHS, 2000",,2004,,2008,2000,TN,TN,Tunisia,Tunisia
TUR,Turkey,Republic of Turkey,Europe & Central Asia,Upper middle income,IBRD,,New Turkish lira,2000,"DHS, 2003",,1998,,,VAB,,2005,BPM5,Actual,Special,Budgetary,SDDS,"LFS, 2006",,2001,2000,2008,2003,TR,TR,Turkey,Turkey
TUV,Tuvalu,Tuvalu,East Asia & Pacific,Lower middle income,,,Australian dollar,,,,,,,,,,,,,,,,,,,,,TV,TV,Tuvalu,Tuvalu
TZA,Tanzania,United Republic of Tanzania,Sub-Saharan Africa,Low income,IDA,HIPC,Tanzanian shilling,2002,"DHS, 2004/05, AIS, 2007/08",,1992,,,VAB,,2005,BPM5,Actual,Special,,GDDS,"ES/BS, 2000/01",,2002-2003,,2007,2002,TZ,TZ,Tanzania,Tanzania
UGA,Uganda,Republic of Uganda,Sub-Saharan Africa,Low income,IDA,HIPC,Ugandan shilling,2002,"DHS, 2006, SPA, 2007",Fiscal year end: June 30; reporting period for national accounts data: FY.,2001/2002,,,VAB,,2005,BPM5,Actual,General,Budgetary,GDDS,"PS, 2005",,1991,2001,2008,,UG,UG,Uganda,Uganda
UKR,Ukraine,Ukraine,Europe & Central Asia,Lower middle income,IBRD,,Ukrainian hryvnia,2001,"DHS, 2007",,,2003,1993,VAB,1987-95,2005,BPM5,Actual,General,Consolidated,SDDS,"ES/BS, 2008",Yes,,,2008,2000,UA,UA,Ukraine,Ukraine
URY,Uruguay,Oriental Republic of Uruguay,Latin America & Caribbean,Upper middle income,IBRD,,Uruguayan peso,2004,,The government has revised national accounts data for 1997-2008. The new base year is 2005.,2005,,,VAB,,2005,BPM5,Actual,Special,Consolidated,SDDS,"IHS, 2007",Yes,2000,2004,2008,2000,UY,UY,Uruguay,Uruguay
USA,United States,United States of America,North America,High income: OECD,,,U.S. dollar,2000,CPS (monthly),Fiscal year end: September 30; reporting period for national accounts data: CY.,,2000,,VAB,,2005,BPM5,,General,Consolidated,SDDS,LFS 2000,Yes,1997/2002,2004,2008,2000,US,US,United States,United States
UZB,Uzbekistan,Republic of Uzbekistan,Europe & Central Asia,Lower middle income,Blend,,Uzbek sum,1989,"MICS, 2006",,,1997,1993,VAB,1990-95,,BPM5,Actual,General,,,"ES/BS, 2003",Yes,,,,2000,UZ,UZ,Uzbekistan,Uzbekistan
VCT,St. Vincent and the Grenadines,St. Vincent and the Grenadines,Latin America & Caribbean,Upper middle income,Blend,,East Caribbean dollar,2001,,,1990,,,VAB,,,BPM5,Preliminary,General,Consolidated,GDDS,,Yes,,,2008,,VC,VC,St. Vincent and the Grenadines,St. Vincent and the Grenadines
VEN,"Venezuela, RB",República Bolivariana de Venezuela,Latin America & Caribbean,Upper middle income,IBRD,,Venezuelan bolivar fuerte,2001,"MICS, 2000",,1997,,,VAB,,2005,BPM5,Actual,General,Consolidated,GDDS,"IHS, 2003",Yes,1997,,2008,,VE,VE,"Venezuela, RB",Venezuela
VIR,Virgin Islands (U.S.),Virgin Islands of the United States,Latin America & Caribbean,High income: nonOECD,,,U.S. dollar,2000,,,1982,,,,,,,,General,,,,Yes,,,,,VI,VI,Virgin Islands (U.S.),Virgin Islands
VNM,Vietnam,Socialist Republic of Vietnam,East Asia & Pacific,Lower middle income,Blend,,Vietnamese dong,2009,"MICS, 2006",,1994,,1993,VAP,1991,2005,BPM4,Estimate,General,Consolidated,GDDS,"IHS, 2006",,2001,1999,2008,2000,VN,VN,Vietnam,Vietnam
VUT,Vanuatu,Republic of Vanuatu,East Asia & Pacific,Lower middle income,IDA,,Vanuatu vatu,2009,,,1983,,,VAP,,,BPM5,Estimate,,Consolidated,GDDS,,,,,2007,,VU,VU,Vanuatu,Vanuatu
WBG,West Bank and Gaza,West Bank and Gaza,Middle East & North Africa,Lower middle income,,,Israeli new shekel,2007,"PAPFAM, 2006",,1997,,,VAB,,,,,,Budgetary,GDDS,,,1971,,,,PS,GZ,West Bank and Gaza,West Bank and Gaza
WSM,Samoa,Samoa,East Asia & Pacific,Lower middle income,IDA,,Samoan tala,2006,,,2002,,,VAB,,,BPM5,Preliminary,General,,,,,1999,,2008,,WS,WS,Samoa,Samoa
YEM,"Yemen, Rep.",Republic of Yemen,Middle East & North Africa,Lower middle income,IDA,,Yemeni rial,2004,"MICS, 2006",,1990,,,VAP,1990-96,2005,BPM5,Actual,General,Budgetary,GDDS,"ES/BS, 2005",,2002,2005,2008,2000,YE,RY,"Yemen, Rep.",Yemen
ZAF,South Africa,Republic of South Africa,Sub-Saharan Africa,Upper middle income,IBRD,,South African rand,2001,"DHS, 2003",Fiscal year end: March 31; reporting period for national accounts data: CY.,2000,,1993,VAB,,2005,BPM5,Preliminary,General,Consolidated,SDDS,"ES/BS, 2000",,2000,2005,2008,2000,ZA,ZA,South Africa,South Africa
ZAR,"Congo, Dem. Rep.",Democratic Republic of the Congo,Sub-Saharan Africa,Low income,IDA,HIPC,Congolese franc,1984,DHS 2007,,1987,,1993,VAB,1999-01,2005,BPM5,Estimate,Special,Consolidated,GDDS,"1-2-3, 2005-06",,1990,,1986,2000,CD,ZR,"Congo, Dem. Rep.",Dem. Rep. Congo
ZMB,Zambia,Republic of Zambia,Sub-Saharan Africa,Low income,IDA,HIPC,Zambian kwacha,2000,"DHS, 2007",,1994,,,VAB,1990-92,2005,BPM5,Preliminary,General,Budgetary,GDDS,"IHS, 2004-05",,1990,,2008,2000,ZM,ZM,Zambia,Zambia
ZWE,Zimbabwe,Republic of Zimbabwe,Sub-Saharan Africa,Low income,Blend,,Zimbabwe dollar,2002,"DHS, 2005/06",Fiscal year end: June 30; reporting period for national accounts data: CY.,1990,,,VAB,"1991, 1998",2005,BPM5,Actual,General,Consolidated,GDDS,,,1960,1995,2008,2002,ZW,ZW,Zimbabwe,Zimbabwe
ARB,Arab League states,Arab League states,Aggregates,Aggregates,Aggregates,,,,,Arab League states aggregate.,,,,,,,,,,,,,,,,,,,,Arab League states,Arab League states
EAP,East Asia & Pacific,East Asia & Pacific (developing only),Aggregates,Aggregates,Aggregates,,,,,East Asia and Pacific regional aggregate (does not include high-income economies).,,,,,,,,,,,,,,,,,,,,East Asia & Pacific,East Asia & Pacific (developing only)
EAS,East Asia & Pacific (all income levels),East Asia & Pacific (all income levels),Aggregates,Aggregates,Aggregates,,,,,East Asia and Pacific regional aggregate (including high-income economies).,,,,,,,,,,,,,,,,,,,,East Asia & Pacific (all income levels),East Asia & Pacific (all income levels)
EMU,Euro area,Euro area,Aggregates,Aggregates,Aggregates,,,,,Euro area aggregate.,,,,,,,,,,,,,,,,,,,,Euro area,Euro area
ECA,Europe & Central Asia,Europe & Central Asia (developing only),Aggregates,Aggregates,Aggregates,,,,,Europe and Central Asia regional aggregate (does not include high-income economies).,,,,,,,,,,,,,,,,,,,,Europe & Central Asia,Europe & Central Asia (developing only)
ECS,Europe & Central Asia (all income levels),Europe & Central Asia (all income levels),Aggregates,Aggregates,Aggregates,,,,,Europe and Central Asia regional aggregate (including high-income economies).,,,,,,,,,,,,,,,,,,,,Europe & Central Asia (all income levels),Europe & Central Asia (all income levels)
EUU,European Union,European Union,Aggregates,Aggregates,Aggregates,,,,,European Union aggregate.,,,,,,,,,,,,,,,,,,,,European Union,European Union
HPC,Heavily indebted poor countries (HIPC),Heavily indebted poor countries (HIPC),Aggregates,Aggregates,Aggregates,,,,,Heavily indebted poor countries aggregate.,,,,,,,,,,,,,,,,,,,,Heavily indebted poor countries (HIPC),Heavily indebted poor countries (HIPC)
HIC,High income,High income,Aggregates,Aggregates,Aggregates,,,,,"High income group aggregate. High-income economies are those in which 2009 GNI per capita was $12,196 or more.",,,,,,,,,,,,,,,,,,,,High income,High income
NOC,High income: nonOECD,High income: nonOECD,Aggregates,Aggregates,Aggregates,,,,,"High income nonOECD aggregate. High-income economies are those in which 2009 GNI per capita was $12,196 or more.",,,,,,,,,,,,,,,,,,,,High income: nonOECD,High income: nonOECD
OEC,High income: OECD,High income: OECD,Aggregates,Aggregates,Aggregates,,,,,"High income OECD members aggregate. High-income economies are those in which 2009 GNI per capita was $12,196 or more.",,,,,,,,,,,,,,,,,,,,High income: OECD,High income: OECD
LAC,Latin America & Caribbean,Latin America & Caribbean (developing only),Aggregates,Aggregates,Aggregates,,,,,Latin America and Caribbean regional aggregate (does not include high-income economies).,,,,,,,,,,,,,,,,,,,,Latin America & Caribbean,Latin America & Caribbean (developing only)
LCN,Latin America & Caribbean (all income levels),Latin America & Caribbean (all income levels),Aggregates,Aggregates,Aggregates,,,,,Latin America and Caribbean regional aggregate (including high-income economies).,,,,,,,,,,,,,,,,,,,,Latin America & Caribbean (all income levels),Latin America & Caribbean (all income levels)
LDC,Least developed countries: UN classification,Least developed countries: UN classification,Aggregates,Aggregates,Aggregates,,,,,Least developed countries (UN classification) aggregate.,,,,,,,,,,,,,,,,,,,,Least developed countries: UN classification,Least developed countries: UN classification
LMY,Low & middle income,Low & middle income,Aggregates,Aggregates,Aggregates,,,,,"Low and middle income group aggregate (all developing economies). Low- and middle-income economies are those in which 2009 GNI per capita was $12,195 or less.",,,,,,,,,,,,,,,,,,,,Low & middle income,Low & middle income
LIC,Low income,Low income,Aggregates,Aggregates,Aggregates,,,,,Low income group aggregate. Low-income economies are those in which 2009 GNI per capita was $995 or less.,,,,,,,,,,,,,,,,,,,,Low income,Low income
LMC,Lower middle income,Lower middle income,Aggregates,Aggregates,Aggregates,,,,,"Lower middle income group aggregate. Lower-middle-income economies are those in which 2009 GNI per capita was between $996 and $3,945.",,,,,,,,,,,,,,,,,,,,Lower middle income,Lower middle income
MNA,Middle East & North Africa,Middle East & North Africa (developing only),Aggregates,Aggregates,Aggregates,,,,,Middle East and North Africa regional aggregate (does not include high-income economies).,,,,,,,,,,,,,,,,,,,,Middle East & North Africa,Middle East & North Africa (developing only)
MEA,Middle East & North Africa (all income levels),Middle East & North Africa (all income levels),Aggregates,Aggregates,Aggregates,,,,,Middle East and North Africa regional aggregate (including high-income economies).,,,,,,,,,,,,,,,,,,,,Middle East & North Africa (all income levels),Middle East & North Africa (all income levels)
MIC,Middle income,Middle income,Aggregates,Aggregates,Aggregates,,,,,"Middle income group aggregate. Middle-income economies are those in which 2009 GNI per capita was between $996 and $12,195.",,,,,,,,,,,,,,,,,,,,Middle income,Middle income
NAC,North America,North America,Aggregates,Aggregates,Aggregates,,,,,North America regional aggregate. There are no economies in North America classified as low or middle income.,,,,,,,,,,,,,,,,,,,,North America,North America
OED,OECD members,OECD members,Aggregates,Aggregates,Aggregates,,,,,"OECD members aggregate (all, including developing countries).",,,,,,,,,,,,,,,,,,,,OECD members,OECD members
SAS,South Asia,South Asia,Aggregates,Aggregates,Aggregates,,,,,South Asia regional aggregate. There are no economies in South Asia classified as high income.,,,,,,,,,,,,,,,,,,,,South Asia,South Asia
SSA,Sub-Saharan Africa,Sub-Saharan Africa (developing only),Aggregates,Aggregates,Aggregates,,,,,Sub-Saharan Africa regional aggregate (does not include high-income economies).,,,,,,,,,,,,,,,,,,,,Sub-Saharan Africa,Sub-Saharan Africa (developing only)
SSF,Sub-Saharan Africa (all income levels),Sub-Saharan Africa (all income levels),Aggregates,Aggregates,Aggregates,,,,,Sub-Saharan Africa regional aggregate (including high-income economies).,,,,,,,,,,,,,,,,,,,,Sub-Saharan Africa (all income levels),Sub-Saharan Africa (all income levels)
UMC,Upper middle income,Upper middle income,Aggregates,Aggregates,Aggregates,,,,,"Upper middle income group aggregate. Upper-middle-income economies are those in which 2009 GNI per capita was between $3,946 and $12,195.",,,,,,,,,,,,,,,,,,,,Upper middle income,Upper middle income
WLD,World,World,Aggregates,Aggregates,Aggregates,,,,,World aggregate.,,,,,,,,,,,,,,,,,,,,World,World
